Postal,Corona Related,Total,Ratio
AG,0,11,0.0
AR,0,1,0.0
AI,0,1,0.0
BL,1,18,5.555555555555555
BS,1,18,5.555555555555555
BE,1,11,9.090909090909092
FR,0,2,0.0
GE,3,9,33.33333333333333
GL,0,0,
GR,0,1,0.0
JU,0,1,0.0
LU,1,10,10.0
NE,0,0,
NW,0,0,
OW,1,1,100.0
SH,0,1,0.0
SZ,0,2,0.0
SO,0,5,0.0
SG,0,14,0.0
TG,0,5,0.0
TI,1,4,25.0
UR,0,1,0.0
VS,0,4,0.0
VD,0,7,0.0
ZG,0,19,0.0
ZH,0,10,0.0
